"Time","mean","median","lowPerc","highPerc","legendMean","legendMedian","legendRange","Path"
0,0,0,0,0,"Simulated mean for Raltegravir","Simulated median for Raltegravir","Simulated [5-95th] percentiles for Raltegravir","Organism|PeripheralVenousBlood|Raltegravir|Plasma (Peripheral Venous Blood)"
0.05,3.85534160181464,0.84960417199459,0.0202484938499949,19.8483951554884,"Simulated mean for Raltegravir","Simulated median for Raltegravir","Simulated [5-95th] percentiles for Raltegravir","Organism|PeripheralVenousBlood|Raltegravir|Plasma (Peripheral Venous Blood)"
0.1,30.9392836730597,11.6276683048769,0.556662847113304,134.716720648407,"Simulated mean for Raltegravir","Simulated median for Raltegravir","Simulated [5-95th] percentiles for Raltegravir","Organism|PeripheralVenousBlood|Raltegravir|Plasma (Peripheral Venous Blood)"
0.15,81.4014513904937,37.7211921504289,2.61879310032826,317.65471876401,"Simulated mean for Raltegravir","Simulated median for Raltegravir","Simulated [5-95th] percentiles for Raltegravir","Organism|PeripheralVenousBlood|Raltegravir|Plasma (Peripheral Venous Blood)"
0.2,150.804814943326,76.8980428457454,7.04137620212825,554.332664750002,"Simulated mean for Raltegravir","Simulated median for Raltegravir","Simulated [5-95th] percentiles for Raltegravir","Organism|PeripheralVenousBlood|Raltegravir|Plasma (Peripheral Venous Blood)"
0.25,235.27953350576,123.772518122053,14.107146295464,847.149340660845,"Simulated mean for Raltegravir","Simulated median for Raltegravir","Simulated [5-95th] percentiles for Raltegravir","Organism|PeripheralVenousBlood|Raltegravir|Plasma (Peripheral Venous Blood)"
0.3,330.833182525079,177.304927153005,24.6420304909303,1202.75528974326,"Simulated mean for Raltegravir","Simulated median for Raltegravir","Simulated [5-95th] percentiles for Raltegravir","Organism|PeripheralVenousBlood|Raltegravir|Plasma (Peripheral Venous Blood)"
0.35,433.567465663333,239.011330654389,37.9062872888038,1544.05649486761,"Simulated mean for Raltegravir","Simulated median for Raltegravir","Simulated [5-95th] percentiles for Raltegravir","Organism|PeripheralVenousBlood|Raltegravir|Plasma (Peripheral Venous Blood)"
0.4,539.929398522738,303.607429374263,52.7504288911125,1943.32420318433,"Simulated mean for Raltegravir","Simulated median for Raltegravir","Simulated [5-95th] percentiles for Raltegravir","Organism|PeripheralVenousBlood|Raltegravir|Plasma (Peripheral Venous Blood)"
0.45,646.888621674285,368.857177461159,68.2237470808621,2323.61470301191,"Simulated mean for Raltegravir","Simulated median for Raltegravir","Simulated [5-95th] percentiles for Raltegravir","Organism|PeripheralVenousBlood|Raltegravir|Plasma (Peripheral Venous Blood)"
0.5,752.051054529372,440.953515924191,87.7666092187472,2645.87173475816,"Simulated mean for Raltegravir","Simulated median for Raltegravir","Simulated [5-95th] percentiles for Raltegravir","Organism|PeripheralVenousBlood|Raltegravir|Plasma (Peripheral Venous Blood)"
0.55,853.690036077365,511.726052834421,110.873470623751,2984.41469107233,"Simulated mean for Raltegravir","Simulated median for Raltegravir","Simulated [5-95th] percentiles for Raltegravir","Organism|PeripheralVenousBlood|Raltegravir|Plasma (Peripheral Venous Blood)"
0.6,950.709534408843,589.688414910591,133.079831750469,3269.68303066214,"Simulated mean for Raltegravir","Simulated median for Raltegravir","Simulated [5-95th] percentiles for Raltegravir","Organism|PeripheralVenousBlood|Raltegravir|Plasma (Peripheral Venous Blood)"
0.65,1042.51572771818,673.793772466552,158.116273318495,3538.55233647682,"Simulated mean for Raltegravir","Simulated median for Raltegravir","Simulated [5-95th] percentiles for Raltegravir","Organism|PeripheralVenousBlood|Raltegravir|Plasma (Peripheral Venous Blood)"
0.7,1128.90098497579,752.832552749818,184.791774580604,3742.42055168447,"Simulated mean for Raltegravir","Simulated median for Raltegravir","Simulated [5-95th] percentiles for Raltegravir","Organism|PeripheralVenousBlood|Raltegravir|Plasma (Peripheral Venous Blood)"
0.75,1209.91493937928,827.414035590625,210.558106286723,3896.06337307572,"Simulated mean for Raltegravir","Simulated median for Raltegravir","Simulated [5-95th] percentiles for Raltegravir","Organism|PeripheralVenousBlood|Raltegravir|Plasma (Peripheral Venous Blood)"
0.8,1285.75464302144,905.961307363391,243.662328276433,3992.03075543593,"Simulated mean for Raltegravir","Simulated median for Raltegravir","Simulated [5-95th] percentiles for Raltegravir","Organism|PeripheralVenousBlood|Raltegravir|Plasma (Peripheral Venous Blood)"
0.85,1356.69576890702,991.903007467556,274.739549169436,3952.07363266239,"Simulated mean for Raltegravir","Simulated median for Raltegravir","Simulated [5-95th] percentiles for Raltegravir","Organism|PeripheralVenousBlood|Raltegravir|Plasma (Peripheral Venous Blood)"
0.9,1423.0475810979,1061.02836174731,306.892483654803,3977.68047641295,"Simulated mean for Raltegravir","Simulated median for Raltegravir","Simulated [5-95th] percentiles for Raltegravir","Organism|PeripheralVenousBlood|Raltegravir|Plasma (Peripheral Venous Blood)"
0.95,1485.12616465771,1136.59601383293,338.630613300833,4042.32365452251,"Simulated mean for Raltegravir","Simulated median for Raltegravir","Simulated [5-95th] percentiles for Raltegravir","Organism|PeripheralVenousBlood|Raltegravir|Plasma (Peripheral Venous Blood)"
1,1543.23893645843,1212.03996100105,363.763668541866,4011.77041534308,"Simulated mean for Raltegravir","Simulated median for Raltegravir","Simulated [5-95th] percentiles for Raltegravir","Organism|PeripheralVenousBlood|Raltegravir|Plasma (Peripheral Venous Blood)"
1.05,1597.67311923959,1271.48035928016,404.120480049576,3956.1399483956,"Simulated mean for Raltegravir","Simulated median for Raltegravir","Simulated [5-95th] percentiles for Raltegravir","Organism|PeripheralVenousBlood|Raltegravir|Plasma (Peripheral Venous Blood)"
1.1,1648.68906229772,1327.83719395429,443.787261819025,3879.50397322555,"Simulated mean for Raltegravir","Simulated median for Raltegravir","Simulated [5-95th] percentiles for Raltegravir","Organism|PeripheralVenousBlood|Raltegravir|Plasma (Peripheral Venous Blood)"
1.15,1696.51774227607,1392.65470328505,468.79455525031,3803.34982738465,"Simulated mean for Raltegravir","Simulated median for Raltegravir","Simulated [5-95th] percentiles for Raltegravir","Organism|PeripheralVenousBlood|Raltegravir|Plasma (Peripheral Venous Blood)"
1.2,1741.36221434659,1453.52748265803,500.059145386006,3818.72526256841,"Simulated mean for Raltegravir","Simulated median for Raltegravir","Simulated [5-95th] percentiles for Raltegravir","Organism|PeripheralVenousBlood|Raltegravir|Plasma (Peripheral Venous Blood)"
1.25,1783.39917833528,1512.2471077455,535.255729435732,3834.62060806408,"Simulated mean for Raltegravir","Simulated median for Raltegravir","Simulated [5-95th] percentiles for Raltegravir","Organism|PeripheralVenousBlood|Raltegravir|Plasma (Peripheral Venous Blood)"
1.3,1822.78077643016,1554.95062802728,557.944212598108,3833.93616756299,"Simulated mean for Raltegravir","Simulated median for Raltegravir","Simulated [5-95th] percentiles for Raltegravir","Organism|PeripheralVenousBlood|Raltegravir|Plasma (Peripheral Venous Blood)"
1.35,1859.63682631995,1620.29739308641,593.499458791802,3912.89044175894,"Simulated mean for Raltegravir","Simulated median for Raltegravir","Simulated [5-95th] percentiles for Raltegravir","Organism|PeripheralVenousBlood|Raltegravir|Plasma (Peripheral Venous Blood)"
1.4,1894.0795140341,1663.75771197476,625.349038091922,3955.13981930251,"Simulated mean for Raltegravir","Simulated median for Raltegravir","Simulated [5-95th] percentiles for Raltegravir","Organism|PeripheralVenousBlood|Raltegravir|Plasma (Peripheral Venous Blood)"
1.45,1926.20601881815,1703.85405178565,660.268644977138,3967.37875471275,"Simulated mean for Raltegravir","Simulated median for Raltegravir","Simulated [5-95th] percentiles for Raltegravir","Organism|PeripheralVenousBlood|Raltegravir|Plasma (Peripheral Venous Blood)"
1.5,1956.1003928392,1744.98882418228,691.670539624466,3956.39924661752,"Simulated mean for Raltegravir","Simulated median for Raltegravir","Simulated [5-95th] percentiles for Raltegravir","Organism|PeripheralVenousBlood|Raltegravir|Plasma (Peripheral Venous Blood)"
1.55,1983.83585261419,1781.27166190717,714.697950420418,3970.27163791557,"Simulated mean for Raltegravir","Simulated median for Raltegravir","Simulated [5-95th] percentiles for Raltegravir","Organism|PeripheralVenousBlood|Raltegravir|Plasma (Peripheral Venous Blood)"
1.6,2009.47740796459,1821.474647542,737.505026070075,3992.32448971625,"Simulated mean for Raltegravir","Simulated median for Raltegravir","Simulated [5-95th] percentiles for Raltegravir","Organism|PeripheralVenousBlood|Raltegravir|Plasma (Peripheral Venous Blood)"
1.65,2033.08393435191,1853.79855705733,769.62685949685,3970.33815778469,"Simulated mean for Raltegravir","Simulated median for Raltegravir","Simulated [5-95th] percentiles for Raltegravir","Organism|PeripheralVenousBlood|Raltegravir|Plasma (Peripheral Venous Blood)"
1.7,2054.70978739902,1877.74994822555,806.265985926603,3906.03149943354,"Simulated mean for Raltegravir","Simulated median for Raltegravir","Simulated [5-95th] percentiles for Raltegravir","Organism|PeripheralVenousBlood|Raltegravir|Plasma (Peripheral Venous Blood)"
1.75,2074.40583239586,1903.2375054698,829.187956160656,3891.32976070065,"Simulated mean for Raltegravir","Simulated median for Raltegravir","Simulated [5-95th] percentiles for Raltegravir","Organism|PeripheralVenousBlood|Raltegravir|Plasma (Peripheral Venous Blood)"
1.8,2092.22001053423,1936.34337840362,849.293493890468,3845.73101556408,"Simulated mean for Raltegravir","Simulated median for Raltegravir","Simulated [5-95th] percentiles for Raltegravir","Organism|PeripheralVenousBlood|Raltegravir|Plasma (Peripheral Venous Blood)"
1.85,2108.19836934057,1949.54849425123,875.613956079292,3871.87105664722,"Simulated mean for Raltegravir","Simulated median for Raltegravir","Simulated [5-95th] percentiles for Raltegravir","Organism|PeripheralVenousBlood|Raltegravir|Plasma (Peripheral Venous Blood)"
1.9,2122.38510887328,1975.51264654376,905.772128903168,3883.35676420525,"Simulated mean for Raltegravir","Simulated median for Raltegravir","Simulated [5-95th] percentiles for Raltegravir","Organism|PeripheralVenousBlood|Raltegravir|Plasma (Peripheral Venous Blood)"
1.95,2134.82446802404,1995.89497866209,920.911229418118,3928.96869040541,"Simulated mean for Raltegravir","Simulated median for Raltegravir","Simulated [5-95th] percentiles for Raltegravir","Organism|PeripheralVenousBlood|Raltegravir|Plasma (Peripheral Venous Blood)"
2,2145.56089791661,2000.84148004806,929.041905976008,3960.31478539349,"Simulated mean for Raltegravir","Simulated median for Raltegravir","Simulated [5-95th] percentiles for Raltegravir","Organism|PeripheralVenousBlood|Raltegravir|Plasma (Peripheral Venous Blood)"
2.05,2154.63815443721,2005.61431774259,940.37267246265,3953.12491784471,"Simulated mean for Raltegravir","Simulated median for Raltegravir","Simulated [5-95th] percentiles for Raltegravir","Organism|PeripheralVenousBlood|Raltegravir|Plasma (Peripheral Venous Blood)"
2.1,2162.10056134917,2010.1957969095,965.538718772097,3942.42483982092,"Simulated mean for Raltegravir","Simulated median for Raltegravir","Simulated [5-95th] percentiles for Raltegravir","Organism|PeripheralVenousBlood|Raltegravir|Plasma (Peripheral Venous Blood)"
2.15,2167.99216862264,2017.08078349075,978.935897762054,3940.51078833354,"Simulated mean for Raltegravir","Simulated median for Raltegravir","Simulated [5-95th] percentiles for Raltegravir","Organism|PeripheralVenousBlood|Raltegravir|Plasma (Peripheral Venous Blood)"
2.2,2172.35743193755,2020.66488844924,996.619359430592,3940.8963238477,"Simulated mean for Raltegravir","Simulated median for Raltegravir","Simulated [5-95th] percentiles for Raltegravir","Organism|PeripheralVenousBlood|Raltegravir|Plasma (Peripheral Venous Blood)"
2.25,2175.24184429383,2021.05798930054,1020.80813689186,3938.65514040121,"Simulated mean for Raltegravir","Simulated median for Raltegravir","Simulated [5-95th] percentiles for Raltegravir","Organism|PeripheralVenousBlood|Raltegravir|Plasma (Peripheral Venous Blood)"
2.3,2176.69183249138,2034.01548339896,1042.06688259008,3925.31789604644,"Simulated mean for Raltegravir","Simulated median for Raltegravir","Simulated [5-95th] percentiles for Raltegravir","Organism|PeripheralVenousBlood|Raltegravir|Plasma (Peripheral Venous Blood)"
2.35,2176.75454595754,2030.94834314492,1048.12251114078,3860.09975231437,"Simulated mean for Raltegravir","Simulated median for Raltegravir","Simulated [5-95th] percentiles for Raltegravir","Organism|PeripheralVenousBlood|Raltegravir|Plasma (Peripheral Venous Blood)"
2.4,2175.47861826079,2028.90241744742,1066.99213608561,3810.88062250732,"Simulated mean for Raltegravir","Simulated median for Raltegravir","Simulated [5-95th] percentiles for Raltegravir","Organism|PeripheralVenousBlood|Raltegravir|Plasma (Peripheral Venous Blood)"
2.45,2172.91328745486,2031.03268499873,1066.47761899025,3772.45625399111,"Simulated mean for Raltegravir","Simulated median for Raltegravir","Simulated [5-95th] percentiles for Raltegravir","Organism|PeripheralVenousBlood|Raltegravir|Plasma (Peripheral Venous Blood)"
2.5,2169.10738100974,2029.07131306925,1072.8962035965,3770.18593234136,"Simulated mean for Raltegravir","Simulated median for Raltegravir","Simulated [5-95th] percentiles for Raltegravir","Organism|PeripheralVenousBlood|Raltegravir|Plasma (Peripheral Venous Blood)"
2.55,2164.11326027667,2024.82667153206,1075.41827932245,3745.53914470763,"Simulated mean for Raltegravir","Simulated median for Raltegravir","Simulated [5-95th] percentiles for Raltegravir","Organism|PeripheralVenousBlood|Raltegravir|Plasma (Peripheral Venous Blood)"
2.6,2157.97832347029,2031.84336279206,1075.46165286247,3736.04165860892,"Simulated mean for Raltegravir","Simulated median for Raltegravir","Simulated [5-95th] percentiles for Raltegravir","Organism|PeripheralVenousBlood|Raltegravir|Plasma (Peripheral Venous Blood)"
2.65,2150.75020731464,2013.98397524793,1077.42412674582,3739.38964875958,"Simulated mean for Raltegravir","Simulated median for Raltegravir","Simulated [5-95th] percentiles for Raltegravir","Organism|PeripheralVenousBlood|Raltegravir|Plasma (Peripheral Venous Blood)"
2.7,2142.47808311048,1996.03049779654,1093.67593312664,3711.05358314715,"Simulated mean for Raltegravir","Simulated median for Raltegravir","Simulated [5-95th] percentiles for Raltegravir","Organism|PeripheralVenousBlood|Raltegravir|Plasma (Peripheral Venous Blood)"
2.75,2133.2108835432,1985.80828630626,1090.41399073914,3668.41364772274,"Simulated mean for Raltegravir","Simulated median for Raltegravir","Simulated [5-95th] percentiles for Raltegravir","Organism|PeripheralVenousBlood|Raltegravir|Plasma (Peripheral Venous Blood)"
2.8,2122.9972813854,1973.03547543797,1096.1808120148,3652.52845291753,"Simulated mean for Raltegravir","Simulated median for Raltegravir","Simulated [5-95th] percentiles for Raltegravir","Organism|PeripheralVenousBlood|Raltegravir|Plasma (Peripheral Venous Blood)"
2.85,2111.88575762732,1974.97226531961,1101.03865379503,3601.07085216582,"Simulated mean for Raltegravir","Simulated median for Raltegravir","Simulated [5-95th] percentiles for Raltegravir","Organism|PeripheralVenousBlood|Raltegravir|Plasma (Peripheral Venous Blood)"
2.9,2099.92415942383,1966.19721593904,1099.18314360694,3592.3661583015,"Simulated mean for Raltegravir","Simulated median for Raltegravir","Simulated [5-95th] percentiles for Raltegravir","Organism|PeripheralVenousBlood|Raltegravir|Plasma (Peripheral Venous Blood)"
2.95,2087.15960695809,1963.14363819416,1096.90972800978,3582.09599062651,"Simulated mean for Raltegravir","Simulated median for Raltegravir","Simulated [5-95th] percentiles for Raltegravir","Organism|PeripheralVenousBlood|Raltegravir|Plasma (Peripheral Venous Blood)"
3,2073.63893708399,1954.92507551737,1083.44380405155,3544.40206918541,"Simulated mean for Raltegravir","Simulated median for Raltegravir","Simulated [5-95th] percentiles for Raltegravir","Organism|PeripheralVenousBlood|Raltegravir|Plasma (Peripheral Venous Blood)"
3.05,2059.40814874664,1940.16249621606,1066.24535572311,3473.68303531422,"Simulated mean for Raltegravir","Simulated median for Raltegravir","Simulated [5-95th] percentiles for Raltegravir","Organism|PeripheralVenousBlood|Raltegravir|Plasma (Peripheral Venous Blood)"
3.1,2044.5118034771,1923.06716534004,1062.72029536014,3479.77012252874,"Simulated mean for Raltegravir","Simulated median for Raltegravir","Simulated [5-95th] percentiles for Raltegravir","Organism|PeripheralVenousBlood|Raltegravir|Plasma (Peripheral Venous Blood)"
3.15,2028.99373011307,1916.96944003241,1051.90398239461,3472.61366325446,"Simulated mean for Raltegravir","Simulated median for Raltegravir","Simulated [5-95th] percentiles for Raltegravir","Organism|PeripheralVenousBlood|Raltegravir|Plasma (Peripheral Venous Blood)"
3.2,2012.89645771645,1900.94957374957,1038.03187188288,3436.94082057025,"Simulated mean for Raltegravir","Simulated median for Raltegravir","Simulated [5-95th] percentiles for Raltegravir","Organism|PeripheralVenousBlood|Raltegravir|Plasma (Peripheral Venous Blood)"
3.25,1996.26156957605,1883.45075822618,1034.23714009764,3400.20991144915,"Simulated mean for Raltegravir","Simulated median for Raltegravir","Simulated [5-95th] percentiles for Raltegravir","Organism|PeripheralVenousBlood|Raltegravir|Plasma (Peripheral Venous Blood)"
3.3,1979.12938872692,1874.25611871862,1028.4754418479,3373.79329054063,"Simulated mean for Raltegravir","Simulated median for Raltegravir","Simulated [5-95th] percentiles for Raltegravir","Organism|PeripheralVenousBlood|Raltegravir|Plasma (Peripheral Venous Blood)"
3.35,1961.53895262655,1864.5856258625,999.572823606924,3327.41949038867,"Simulated mean for Raltegravir","Simulated median for Raltegravir","Simulated [5-95th] percentiles for Raltegravir","Organism|PeripheralVenousBlood|Raltegravir|Plasma (Peripheral Venous Blood)"
3.4,1943.52747415114,1854.5338993506,980.822082531403,3281.23063835962,"Simulated mean for Raltegravir","Simulated median for Raltegravir","Simulated [5-95th] percentiles for Raltegravir","Organism|PeripheralVenousBlood|Raltegravir|Plasma (Peripheral Venous Blood)"
3.45,1925.13064569245,1828.49727239976,979.549627790606,3237.92645785791,"Simulated mean for Raltegravir","Simulated median for Raltegravir","Simulated [5-95th] percentiles for Raltegravir","Organism|PeripheralVenousBlood|Raltegravir|Plasma (Peripheral Venous Blood)"
3.5,1906.38288190556,1816.0158435641,983.287407633103,3195.44586072466,"Simulated mean for Raltegravir","Simulated median for Raltegravir","Simulated [5-95th] percentiles for Raltegravir","Organism|PeripheralVenousBlood|Raltegravir|Plasma (Peripheral Venous Blood)"
3.55,1887.3177779733,1802.34260923643,972.192501657239,3145.0682383387,"Simulated mean for Raltegravir","Simulated median for Raltegravir","Simulated [5-95th] percentiles for Raltegravir","Organism|PeripheralVenousBlood|Raltegravir|Plasma (Peripheral Venous Blood)"
3.6,1867.96756329145,1787.50109189355,965.028932661368,3097.93500124832,"Simulated mean for Raltegravir","Simulated median for Raltegravir","Simulated [5-95th] percentiles for Raltegravir","Organism|PeripheralVenousBlood|Raltegravir|Plasma (Peripheral Venous Blood)"
3.65,1848.36319248589,1773.24101415216,946.899105505967,3052.57161862414,"Simulated mean for Raltegravir","Simulated median for Raltegravir","Simulated [5-95th] percentiles for Raltegravir","Organism|PeripheralVenousBlood|Raltegravir|Plasma (Peripheral Venous Blood)"
3.7,1828.53447881257,1751.84101704023,929.362521573297,3007.3791977853,"Simulated mean for Raltegravir","Simulated median for Raltegravir","Simulated [5-95th] percentiles for Raltegravir","Organism|PeripheralVenousBlood|Raltegravir|Plasma (Peripheral Venous Blood)"
3.75,1808.50994613549,1731.16285269096,912.065840414876,2940.01788092681,"Simulated mean for Raltegravir","Simulated median for Raltegravir","Simulated [5-95th] percentiles for Raltegravir","Organism|PeripheralVenousBlood|Raltegravir|Plasma (Peripheral Venous Blood)"
3.8,1788.31672116826,1712.36314883825,895.053993140136,2916.67018035166,"Simulated mean for Raltegravir","Simulated median for Raltegravir","Simulated [5-95th] percentiles for Raltegravir","Organism|PeripheralVenousBlood|Raltegravir|Plasma (Peripheral Venous Blood)"
3.85,1767.98096180574,1681.50022883453,878.82067627375,2875.05388590146,"Simulated mean for Raltegravir","Simulated median for Raltegravir","Simulated [5-95th] percentiles for Raltegravir","Organism|PeripheralVenousBlood|Raltegravir|Plasma (Peripheral Venous Blood)"
3.9,1747.52760637654,1663.42373518682,870.487648138834,2830.20569849811,"Simulated mean for Raltegravir","Simulated median for Raltegravir","Simulated [5-95th] percentiles for Raltegravir","Organism|PeripheralVenousBlood|Raltegravir|Plasma (Peripheral Venous Blood)"
3.95,1726.98023971322,1644.16232325876,862.409425644673,2794.82992774295,"Simulated mean for Raltegravir","Simulated median for Raltegravir","Simulated [5-95th] percentiles for Raltegravir","Organism|PeripheralVenousBlood|Raltegravir|Plasma (Peripheral Venous Blood)"
4,1706.36126353135,1618.41861471854,846.254744842112,2766.07143235318,"Simulated mean for Raltegravir","Simulated median for Raltegravir","Simulated [5-95th] percentiles for Raltegravir","Organism|PeripheralVenousBlood|Raltegravir|Plasma (Peripheral Venous Blood)"
4.05,1685.6916268746,1598.46742205142,836.670519610143,2748.56028342303,"Simulated mean for Raltegravir","Simulated median for Raltegravir","Simulated [5-95th] percentiles for Raltegravir","Organism|PeripheralVenousBlood|Raltegravir|Plasma (Peripheral Venous Blood)"
4.1,1664.99136241666,1575.45957888342,815.124598376272,2738.38442816522,"Simulated mean for Raltegravir","Simulated median for Raltegravir","Simulated [5-95th] percentiles for Raltegravir","Organism|PeripheralVenousBlood|Raltegravir|Plasma (Peripheral Venous Blood)"
4.15,1644.27959149417,1558.73885934427,793.964620591406,2716.69447944154,"Simulated mean for Raltegravir","Simulated median for Raltegravir","Simulated [5-95th] percentiles for Raltegravir","Organism|PeripheralVenousBlood|Raltegravir|Plasma (Peripheral Venous Blood)"
4.2,1623.57429709363,1546.49874781018,774.543107481055,2705.47479838145,"Simulated mean for Raltegravir","Simulated median for Raltegravir","Simulated [5-95th] percentiles for Raltegravir","Organism|PeripheralVenousBlood|Raltegravir|Plasma (Peripheral Venous Blood)"
4.25,1602.89253942113,1527.52389686658,763.78611195058,2678.30232188457,"Simulated mean for Raltegravir","Simulated median for Raltegravir","Simulated [5-95th] percentiles for Raltegravir","Organism|PeripheralVenousBlood|Raltegravir|Plasma (Peripheral Venous Blood)"
4.3,1582.25041007592,1508.50623925346,752.21883066805,2628.37212455651,"Simulated mean for Raltegravir","Simulated median for Raltegravir","Simulated [5-95th] percentiles for Raltegravir","Organism|PeripheralVenousBlood|Raltegravir|Plasma (Peripheral Venous Blood)"
4.35,1561.66305186437,1491.10400362926,735.859059297356,2595.68114785003,"Simulated mean for Raltegravir","Simulated median for Raltegravir","Simulated [5-95th] percentiles for Raltegravir","Organism|PeripheralVenousBlood|Raltegravir|Plasma (Peripheral Venous Blood)"
4.4,1541.14496432726,1476.73961112018,719.898187280409,2555.67062269668,"Simulated mean for Raltegravir","Simulated median for Raltegravir","Simulated [5-95th] percentiles for Raltegravir","Organism|PeripheralVenousBlood|Raltegravir|Plasma (Peripheral Venous Blood)"
4.45,1520.70979299114,1458.99651149634,704.371074504022,2504.88235296321,"Simulated mean for Raltegravir","Simulated median for Raltegravir","Simulated [5-95th] percentiles for Raltegravir","Organism|PeripheralVenousBlood|Raltegravir|Plasma (Peripheral Venous Blood)"
4.5,1500.37017133329,1434.64047015263,689.294644966437,2482.04067172379,"Simulated mean for Raltegravir","Simulated median for Raltegravir","Simulated [5-95th] percentiles for Raltegravir","Organism|PeripheralVenousBlood|Raltegravir|Plasma (Peripheral Venous Blood)"
4.55,1480.1378804061,1414.97440804907,674.586607083781,2460.43061465561,"Simulated mean for Raltegravir","Simulated median for Raltegravir","Simulated [5-95th] percentiles for Raltegravir","Organism|PeripheralVenousBlood|Raltegravir|Plasma (Peripheral Venous Blood)"
4.6,1460.02399150829,1392.94693297451,660.251601777157,2437.61375916536,"Simulated mean for Raltegravir","Simulated median for Raltegravir","Simulated [5-95th] percentiles for Raltegravir","Organism|PeripheralVenousBlood|Raltegravir|Plasma (Peripheral Venous Blood)"
4.65,1440.0390226836,1375.05559936389,647.806916215817,2385.56286221238,"Simulated mean for Raltegravir","Simulated median for Raltegravir","Simulated [5-95th] percentiles for Raltegravir","Organism|PeripheralVenousBlood|Raltegravir|Plasma (Peripheral Venous Blood)"
4.7,1420.19242514665,1355.04236881309,635.700456322248,2347.30559864295,"Simulated mean for Raltegravir","Simulated median for Raltegravir","Simulated [5-95th] percentiles for Raltegravir","Organism|PeripheralVenousBlood|Raltegravir|Plasma (Peripheral Venous Blood)"
4.75,1400.49315794133,1334.44372526945,623.866491607742,2316.32837211676,"Simulated mean for Raltegravir","Simulated median for Raltegravir","Simulated [5-95th] percentiles for Raltegravir","Organism|PeripheralVenousBlood|Raltegravir|Plasma (Peripheral Venous Blood)"
4.8,1380.94976401799,1317.12461299237,612.302942664156,2290.57625058259,"Simulated mean for Raltegravir","Simulated median for Raltegravir","Simulated [5-95th] percentiles for Raltegravir","Organism|PeripheralVenousBlood|Raltegravir|Plasma (Peripheral Venous Blood)"
4.85,1361.57020753631,1300.04904311602,601.005473197061,2259.203549766,"Simulated mean for Raltegravir","Simulated median for Raltegravir","Simulated [5-95th] percentiles for Raltegravir","Organism|PeripheralVenousBlood|Raltegravir|Plasma (Peripheral Venous Blood)"
4.9,1342.36165464002,1278.85211279156,589.971503151004,2237.97751302541,"Simulated mean for Raltegravir","Simulated median for Raltegravir","Simulated [5-95th] percentiles for Raltegravir","Organism|PeripheralVenousBlood|Raltegravir|Plasma (Peripheral Venous Blood)"
4.95,1323.33091370874,1262.66250323007,579.232255435244,2213.14861691914,"Simulated mean for Raltegravir","Simulated median for Raltegravir","Simulated [5-95th] percentiles for Raltegravir","Organism|PeripheralVenousBlood|Raltegravir|Plasma (Peripheral Venous Blood)"
5,1304.48421660946,1239.29594229063,568.726574258987,2190.37555349947,"Simulated mean for Raltegravir","Simulated median for Raltegravir","Simulated [5-95th] percentiles for Raltegravir","Organism|PeripheralVenousBlood|Raltegravir|Plasma (Peripheral Venous Blood)"
5.05,1285.82721557086,1219.16366893486,560.839816249542,2161.47945162032,"Simulated mean for Raltegravir","Simulated median for Raltegravir","Simulated [5-95th] percentiles for Raltegravir","Organism|PeripheralVenousBlood|Raltegravir|Plasma (Peripheral Venous Blood)"
5.1,1267.36494789954,1201.3356976717,552.251709634331,2143.86885135351,"Simulated mean for Raltegravir","Simulated median for Raltegravir","Simulated [5-95th] percentiles for Raltegravir","Organism|PeripheralVenousBlood|Raltegravir|Plasma (Peripheral Venous Blood)"
5.15,1249.1018077955,1183.2712831337,543.90626332697,2109.32020293404,"Simulated mean for Raltegravir","Simulated median for Raltegravir","Simulated [5-95th] percentiles for Raltegravir","Organism|PeripheralVenousBlood|Raltegravir|Plasma (Peripheral Venous Blood)"
5.2,1231.04194167805,1166.5679405594,535.035799575356,2085.48035280792,"Simulated mean for Raltegravir","Simulated median for Raltegravir","Simulated [5-95th] percentiles for Raltegravir","Organism|PeripheralVenousBlood|Raltegravir|Plasma (Peripheral Venous Blood)"
5.25,1213.18892846025,1149.49364216828,523.940310835427,2058.29437737614,"Simulated mean for Raltegravir","Simulated median for Raltegravir","Simulated [5-95th] percentiles for Raltegravir","Organism|PeripheralVenousBlood|Raltegravir|Plasma (Peripheral Venous Blood)"
5.3,1195.54591252507,1132.70871262485,510.873408081604,2033.12108889872,"Simulated mean for Raltegravir","Simulated median for Raltegravir","Simulated [5-95th] percentiles for Raltegravir","Organism|PeripheralVenousBlood|Raltegravir|Plasma (Peripheral Venous Blood)"
5.35,1178.11563892966,1118.60380906047,503.612533380398,2006.00391141378,"Simulated mean for Raltegravir","Simulated median for Raltegravir","Simulated [5-95th] percentiles for Raltegravir","Organism|PeripheralVenousBlood|Raltegravir|Plasma (Peripheral Venous Blood)"
5.4,1160.90036408352,1100.34162559013,493.341621356761,1979.40391054749,"Simulated mean for Raltegravir","Simulated median for Raltegravir","Simulated [5-95th] percentiles for Raltegravir","Organism|PeripheralVenousBlood|Raltegravir|Plasma (Peripheral Venous Blood)"
5.45,1143.90191818367,1083.95620730271,484.878440814651,1954.79020272124,"Simulated mean for Raltegravir","Simulated median for Raltegravir","Simulated [5-95th] percentiles for Raltegravir","Organism|PeripheralVenousBlood|Raltegravir|Plasma (Peripheral Venous Blood)"
5.5,1127.12187315672,1068.18459851167,476.696041297041,1940.19272577748,"Simulated mean for Raltegravir","Simulated median for Raltegravir","Simulated [5-95th] percentiles for Raltegravir","Organism|PeripheralVenousBlood|Raltegravir|Plasma (Peripheral Venous Blood)"
5.55,1110.56153320214,1048.83693750195,468.72367259748,1939.00827370839,"Simulated mean for Raltegravir","Simulated median for Raltegravir","Simulated [5-95th] percentiles for Raltegravir","Organism|PeripheralVenousBlood|Raltegravir|Plasma (Peripheral Venous Blood)"
5.6,1094.22188409186,1033.43988706923,460.957218282526,1925.22591416057,"Simulated mean for Raltegravir","Simulated median for Raltegravir","Simulated [5-95th] percentiles for Raltegravir","Organism|PeripheralVenousBlood|Raltegravir|Plasma (Peripheral Venous Blood)"
5.65,1078.10356125061,1018.66104335264,453.3926546312,1901.59564718374,"Simulated mean for Raltegravir","Simulated median for Raltegravir","Simulated [5-95th] percentiles for Raltegravir","Organism|PeripheralVenousBlood|Raltegravir|Plasma (Peripheral Venous Blood)"
5.7,1062.20697253377,1005.2870318832,446.02556058339,1869.44708607779,"Simulated mean for Raltegravir","Simulated median for Raltegravir","Simulated [5-95th] percentiles for Raltegravir","Organism|PeripheralVenousBlood|Raltegravir|Plasma (Peripheral Venous Blood)"
5.75,1046.53226662565,990.587073229635,438.852040891104,1840.80399916436,"Simulated mean for Raltegravir","Simulated median for Raltegravir","Simulated [5-95th] percentiles for Raltegravir","Organism|PeripheralVenousBlood|Raltegravir|Plasma (Peripheral Venous Blood)"
5.8,1031.0793060469,976.530803975427,431.308905739351,1826.06540855112,"Simulated mean for Raltegravir","Simulated median for Raltegravir","Simulated [5-95th] percentiles for Raltegravir","Organism|PeripheralVenousBlood|Raltegravir|Plasma (Peripheral Venous Blood)"
5.85,1015.8477359207,959.973682202959,423.420045805879,1807.78865597915,"Simulated mean for Raltegravir","Simulated median for Raltegravir","Simulated [5-95th] percentiles for Raltegravir","Organism|PeripheralVenousBlood|Raltegravir|Plasma (Peripheral Venous Blood)"
5.9,1000.83702918993,946.7629506289,416.469594953139,1792.80876925576,"Simulated mean for Raltegravir","Simulated median for Raltegravir","Simulated [5-95th] percentiles for Raltegravir","Organism|PeripheralVenousBlood|Raltegravir|Plasma (Peripheral Venous Blood)"
5.95,986.046492709715,935.501882724464,409.471938886648,1782.00477910128,"Simulated mean for Raltegravir","Simulated median for Raltegravir","Simulated [5-95th] percentiles for Raltegravir","Organism|PeripheralVenousBlood|Raltegravir|Plasma (Peripheral Venous Blood)"
6,971.475267326884,918.515369792998,401.405661731361,1760.69875004594,"Simulated mean for Raltegravir","Simulated median for Raltegravir","Simulated [5-95th] percentiles for Raltegravir","Organism|PeripheralVenousBlood|Raltegravir|Plasma (Peripheral Venous Blood)"
6.05,957.122255352343,904.237862108195,393.599163578341,1748.08156367236,"Simulated mean for Raltegravir","Simulated median for Raltegravir","Simulated [5-95th] percentiles for Raltegravir","Organism|PeripheralVenousBlood|Raltegravir|Plasma (Peripheral Venous Blood)"
6.1,942.986190068927,887.657986047906,386.043177154485,1726.05735737441,"Simulated mean for Raltegravir","Simulated median for Raltegravir","Simulated [5-95th] percentiles for Raltegravir","Organism|PeripheralVenousBlood|Raltegravir|Plasma (Peripheral Venous Blood)"
6.15,929.065593375055,872.854507304925,378.759442208355,1697.09801499847,"Simulated mean for Raltegravir","Simulated median for Raltegravir","Simulated [5-95th] percentiles for Raltegravir","Organism|PeripheralVenousBlood|Raltegravir|Plasma (Peripheral Venous Blood)"
6.2,915.358945580978,857.39812089464,371.806225875233,1667.79732651808,"Simulated mean for Raltegravir","Simulated median for Raltegravir","Simulated [5-95th] percentiles for Raltegravir","Organism|PeripheralVenousBlood|Raltegravir|Plasma (Peripheral Venous Blood)"
6.25,901.864655634841,839.500164965099,365.076800214419,1641.65215711116,"Simulated mean for Raltegravir","Simulated median for Raltegravir","Simulated [5-95th] percentiles for Raltegravir","Organism|PeripheralVenousBlood|Raltegravir|Plasma (Peripheral Venous Blood)"
6.3,888.580992065139,824.707785228634,358.563211820886,1617.57743717317,"Simulated mean for Raltegravir","Simulated median for Raltegravir","Simulated [5-95th] percentiles for Raltegravir","Organism|PeripheralVenousBlood|Raltegravir|Plasma (Peripheral Venous Blood)"
6.35,875.506057339097,814.616192356807,352.257649007233,1588.05207725206,"Simulated mean for Raltegravir","Simulated median for Raltegravir","Simulated [5-95th] percentiles for Raltegravir","Organism|PeripheralVenousBlood|Raltegravir|Plasma (Peripheral Venous Blood)"
6.4,862.637880363221,804.625709050304,346.152632526467,1561.81986408521,"Simulated mean for Raltegravir","Simulated median for Raltegravir","Simulated [5-95th] percentiles for Raltegravir","Organism|PeripheralVenousBlood|Raltegravir|Plasma (Peripheral Venous Blood)"
6.45,849.974486706368,791.941637255591,339.977806208537,1540.51872495017,"Simulated mean for Raltegravir","Simulated median for Raltegravir","Simulated [5-95th] percentiles for Raltegravir","Organism|PeripheralVenousBlood|Raltegravir|Plasma (Peripheral Venous Blood)"
6.5,837.513806417069,782.531348554611,334.29091632228,1519.38083922123,"Simulated mean for Raltegravir","Simulated median for Raltegravir","Simulated [5-95th] percentiles for Raltegravir","Organism|PeripheralVenousBlood|Raltegravir|Plasma (Peripheral Venous Blood)"
6.55,825.253773119904,769.965021590358,328.593014844117,1498.41175905058,"Simulated mean for Raltegravir","Simulated median for Raltegravir","Simulated [5-95th] percentiles for Raltegravir","Organism|PeripheralVenousBlood|Raltegravir|Plasma (Peripheral Venous Blood)"
6.6,813.192138670046,758.647081211007,323.071708095758,1477.61625250784,"Simulated mean for Raltegravir","Simulated median for Raltegravir","Simulated [5-95th] percentiles for Raltegravir","Organism|PeripheralVenousBlood|Raltegravir|Plasma (Peripheral Venous Blood)"
6.65,801.326548886096,745.45189884178,317.720649246748,1456.99795392164,"Simulated mean for Raltegravir","Simulated median for Raltegravir","Simulated [5-95th] percentiles for Raltegravir","Organism|PeripheralVenousBlood|Raltegravir|Plasma (Peripheral Venous Blood)"
6.7,789.654709055078,733.249137186426,312.533769604025,1436.4661163313,"Simulated mean for Raltegravir","Simulated median for Raltegravir","Simulated [5-95th] percentiles for Raltegravir","Organism|PeripheralVenousBlood|Raltegravir|Plasma (Peripheral Venous Blood)"
6.75,778.174293868906,722.44045313229,307.505150138936,1416.03632602665,"Simulated mean for Raltegravir","Simulated median for Raltegravir","Simulated [5-95th] percentiles for Raltegravir","Organism|PeripheralVenousBlood|Raltegravir|Plasma (Peripheral Venous Blood)"
6.8,766.88293706707,712.67398963033,302.640354923839,1395.79403211321,"Simulated mean for Raltegravir","Simulated median for Raltegravir","Simulated [5-95th] percentiles for Raltegravir","Organism|PeripheralVenousBlood|Raltegravir|Plasma (Peripheral Venous Blood)"
6.85,755.778210377668,699.629902089661,297.96610501559,1376.77426065589,"Simulated mean for Raltegravir","Simulated median for Raltegravir","Simulated [5-95th] percentiles for Raltegravir","Organism|PeripheralVenousBlood|Raltegravir|Plasma (Peripheral Venous Blood)"
6.9,744.857695091424,688.889480898988,293.430415210642,1362.34858785642,"Simulated mean for Raltegravir","Simulated median for Raltegravir","Simulated [5-95th] percentiles for Raltegravir","Organism|PeripheralVenousBlood|Raltegravir|Plasma (Peripheral Venous Blood)"
6.95,734.118926699108,682.221706378424,289.029873690284,1347.94610376889,"Simulated mean for Raltegravir","Simulated median for Raltegravir","Simulated [5-95th] percentiles for Raltegravir","Organism|PeripheralVenousBlood|Raltegravir|Plasma (Peripheral Venous Blood)"
7,723.559420427191,670.318882791752,284.782903745761,1337.61362801962,"Simulated mean for Raltegravir","Simulated median for Raltegravir","Simulated [5-95th] percentiles for Raltegravir","Organism|PeripheralVenousBlood|Raltegravir|Plasma (Peripheral Venous Blood)"
7.05,713.176688853218,658.370073822474,280.392230805062,1331.9461892085,"Simulated mean for Raltegravir","Simulated median for Raltegravir","Simulated [5-95th] percentiles for Raltegravir","Organism|PeripheralVenousBlood|Raltegravir|Plasma (Peripheral Venous Blood)"
7.1,702.968286142896,647.419884057581,273.302574835159,1326.20867036961,"Simulated mean for Raltegravir","Simulated median for Raltegravir","Simulated [5-95th] percentiles for Raltegravir","Organism|PeripheralVenousBlood|Raltegravir|Plasma (Peripheral Venous Blood)"
7.15,692.931706463723,639.967682615894,266.229130301981,1319.35686425509,"Simulated mean for Raltegravir","Simulated median for Raltegravir","Simulated [5-95th] percentiles for Raltegravir","Organism|PeripheralVenousBlood|Raltegravir|Plasma (Peripheral Venous Blood)"
7.2,683.064449837327,632.623504440486,260.190023112532,1301.22173924455,"Simulated mean for Raltegravir","Simulated median for Raltegravir","Simulated [5-95th] percentiles for Raltegravir","Organism|PeripheralVenousBlood|Raltegravir|Plasma (Peripheral Venous Blood)"
7.25,673.364009080252,624.246244513017,257.374640908074,1283.45702966961,"Simulated mean for Raltegravir","Simulated median for Raltegravir","Simulated [5-95th] percentiles for Raltegravir","Organism|PeripheralVenousBlood|Raltegravir|Plasma (Peripheral Venous Blood)"
7.3,663.827818626681,614.313560806078,254.701935240358,1265.20821798565,"Simulated mean for Raltegravir","Simulated median for Raltegravir","Simulated [5-95th] percentiles for Raltegravir","Organism|PeripheralVenousBlood|Raltegravir|Plasma (Peripheral Venous Blood)"
7.35,654.453383584181,604.776812302935,252.087348367978,1247.25711397335,"Simulated mean for Raltegravir","Simulated median for Raltegravir","Simulated [5-95th] percentiles for Raltegravir","Organism|PeripheralVenousBlood|Raltegravir|Plasma (Peripheral Venous Blood)"
7.4,645.238211815206,596.404452891469,248.171430795367,1229.47248976094,"Simulated mean for Raltegravir","Simulated median for Raltegravir","Simulated [5-95th] percentiles for Raltegravir","Organism|PeripheralVenousBlood|Raltegravir|Plasma (Peripheral Venous Blood)"
7.45,636.179759634079,585.342504872423,243.9930641015,1211.85827105907,"Simulated mean for Raltegravir","Simulated median for Raltegravir","Simulated [5-95th] percentiles for Raltegravir","Organism|PeripheralVenousBlood|Raltegravir|Plasma (Peripheral Venous Blood)"
7.5,627.27558078268,577.159888142753,239.912662695932,1194.41641807413,"Simulated mean for Raltegravir","Simulated median for Raltegravir","Simulated [5-95th] percentiles for Raltegravir","Organism|PeripheralVenousBlood|Raltegravir|Plasma (Peripheral Venous Blood)"
7.55,618.523207440616,569.12664443872,236.367025463608,1179.81601671433,"Simulated mean for Raltegravir","Simulated median for Raltegravir","Simulated [5-95th] percentiles for Raltegravir","Organism|PeripheralVenousBlood|Raltegravir|Plasma (Peripheral Venous Blood)"
7.6,609.920150516607,561.044236638999,235.670300560916,1166.22641962573,"Simulated mean for Raltegravir","Simulated median for Raltegravir","Simulated [5-95th] percentiles for Raltegravir","Organism|PeripheralVenousBlood|Raltegravir|Plasma (Peripheral Venous Blood)"
7.65,601.463917290344,553.66450985561,235.002708563632,1152.72770194418,"Simulated mean for Raltegravir","Simulated median for Raltegravir","Simulated [5-95th] percentiles for Raltegravir","Organism|PeripheralVenousBlood|Raltegravir|Plasma (Peripheral Venous Blood)"
7.7,593.152061477216,545.859444772404,232.759321209406,1139.32381586962,"Simulated mean for Raltegravir","Simulated median for Raltegravir","Simulated [5-95th] percentiles for Raltegravir","Organism|PeripheralVenousBlood|Raltegravir|Plasma (Peripheral Venous Blood)"
7.75,584.98230944971,538.001719009119,228.723265500276,1125.96478143666,"Simulated mean for Raltegravir","Simulated median for Raltegravir","Simulated [5-95th] percentiles for Raltegravir","Organism|PeripheralVenousBlood|Raltegravir|Plasma (Peripheral Venous Blood)"
7.8,576.952276206158,529.692006734669,224.796373420745,1111.82537823962,"Simulated mean for Raltegravir","Simulated median for Raltegravir","Simulated [5-95th] percentiles for Raltegravir","Organism|PeripheralVenousBlood|Raltegravir|Plasma (Peripheral Venous Blood)"
7.85,569.059627220201,521.560752710569,220.9748364752,1093.52734948142,"Simulated mean for Raltegravir","Simulated median for Raltegravir","Simulated [5-95th] percentiles for Raltegravir","Organism|PeripheralVenousBlood|Raltegravir|Plasma (Peripheral Venous Blood)"
7.9,561.302096188614,513.586368177128,217.25520774664,1079.81068333732,"Simulated mean for Raltegravir","Simulated median for Raltegravir","Simulated [5-95th] percentiles for Raltegravir","Organism|PeripheralVenousBlood|Raltegravir|Plasma (Peripheral Venous Blood)"
7.95,553.677362385954,505.763740704137,213.633982703892,1061.04182359722,"Simulated mean for Raltegravir","Simulated median for Raltegravir","Simulated [5-95th] percentiles for Raltegravir","Organism|PeripheralVenousBlood|Raltegravir|Plasma (Peripheral Venous Blood)"
8,546.183152171463,497.864029438877,210.107720390042,1042.32981514062,"Simulated mean for Raltegravir","Simulated median for Raltegravir","Simulated [5-95th] percentiles for Raltegravir","Organism|PeripheralVenousBlood|Raltegravir|Plasma (Peripheral Venous Blood)"
8.05,538.817120820415,490.107837069327,206.673146068384,1023.94114008099,"Simulated mean for Raltegravir","Simulated median for Raltegravir","Simulated [5-95th] percentiles for Raltegravir","Organism|PeripheralVenousBlood|Raltegravir|Plasma (Peripheral Venous Blood)"
8.1,531.576967341876,483.192281863922,203.32705188763,1018.00198487552,"Simulated mean for Raltegravir","Simulated median for Raltegravir","Simulated [5-95th] percentiles for Raltegravir","Organism|PeripheralVenousBlood|Raltegravir|Plasma (Peripheral Venous Blood)"
8.15,524.46050790698,475.700743847829,200.552092980113,1012.27011884806,"Simulated mean for Raltegravir","Simulated median for Raltegravir","Simulated [5-95th] percentiles for Raltegravir","Organism|PeripheralVenousBlood|Raltegravir|Plasma (Peripheral Venous Blood)"
8.2,517.46573205917,467.89859258495,198.079625707454,1002.50838103289,"Simulated mean for Raltegravir","Simulated median for Raltegravir","Simulated [5-95th] percentiles for Raltegravir","Organism|PeripheralVenousBlood|Raltegravir|Plasma (Peripheral Venous Blood)"
8.25,510.590546470189,461.112146109277,195.656775497097,989.199459011686,"Simulated mean for Raltegravir","Simulated median for Raltegravir","Simulated [5-95th] percentiles for Raltegravir","Organism|PeripheralVenousBlood|Raltegravir|Plasma (Peripheral Venous Blood)"
8.3,503.832886764559,454.890768862706,192.537049395177,976.091945549296,"Simulated mean for Raltegravir","Simulated median for Raltegravir","Simulated [5-95th] percentiles for Raltegravir","Organism|PeripheralVenousBlood|Raltegravir|Plasma (Peripheral Venous Blood)"
8.35,497.190763120868,448.442272566336,189.384015678,963.937468545676,"Simulated mean for Raltegravir","Simulated median for Raltegravir","Simulated [5-95th] percentiles for Raltegravir","Organism|PeripheralVenousBlood|Raltegravir|Plasma (Peripheral Venous Blood)"
8.4,490.662115256232,441.377807897618,186.313220566141,951.079854910182,"Simulated mean for Raltegravir","Simulated median for Raltegravir","Simulated [5-95th] percentiles for Raltegravir","Organism|PeripheralVenousBlood|Raltegravir|Plasma (Peripheral Venous Blood)"
8.45,484.244821048552,434.178658506635,183.219956588407,938.662503632431,"Simulated mean for Raltegravir","Simulated median for Raltegravir","Simulated [5-95th] percentiles for Raltegravir","Organism|PeripheralVenousBlood|Raltegravir|Plasma (Peripheral Venous Blood)"
8.5,477.936958118112,427.465534346083,180.454543091386,926.394700209538,"Simulated mean for Raltegravir","Simulated median for Raltegravir","Simulated [5-95th] percentiles for Raltegravir","Organism|PeripheralVenousBlood|Raltegravir|Plasma (Peripheral Venous Blood)"
8.55,471.736558735555,420.87987658017,177.628265185603,918.258211904561,"Simulated mean for Raltegravir","Simulated median for Raltegravir","Simulated [5-95th] percentiles for Raltegravir","Organism|PeripheralVenousBlood|Raltegravir|Plasma (Peripheral Venous Blood)"
8.6,465.641668747282,414.419327663359,175.637101429983,913.707206000406,"Simulated mean for Raltegravir","Simulated median for Raltegravir","Simulated [5-95th] percentiles for Raltegravir","Organism|PeripheralVenousBlood|Raltegravir|Plasma (Peripheral Venous Blood)"
8.65,459.650395838903,408.916485264623,173.83994314285,906.380971660354,"Simulated mean for Raltegravir","Simulated median for Raltegravir","Simulated [5-95th] percentiles for Raltegravir","Organism|PeripheralVenousBlood|Raltegravir|Plasma (Peripheral Venous Blood)"
8.7,453.760840106853,403.800412780294,172.079740044237,895.632259326388,"Simulated mean for Raltegravir","Simulated median for Raltegravir","Simulated [5-95th] percentiles for Raltegravir","Organism|PeripheralVenousBlood|Raltegravir|Plasma (Peripheral Venous Blood)"
8.75,447.971008365583,398.775158777681,170.350767139436,884.999617700658,"Simulated mean for Raltegravir","Simulated median for Raltegravir","Simulated [5-95th] percentiles for Raltegravir","Organism|PeripheralVenousBlood|Raltegravir|Plasma (Peripheral Venous Blood)"
8.8,442.27919210979,393.906986179933,168.652323124871,874.367455530818,"Simulated mean for Raltegravir","Simulated median for Raltegravir","Simulated [5-95th] percentiles for Raltegravir","Organism|PeripheralVenousBlood|Raltegravir|Plasma (Peripheral Venous Blood)"
8.85,436.683650729167,387.958037889236,166.922161513823,866.044551597073,"Simulated mean for Raltegravir","Simulated median for Raltegravir","Simulated [5-95th] percentiles for Raltegravir","Organism|PeripheralVenousBlood|Raltegravir|Plasma (Peripheral Venous Blood)"
8.9,431.182700446149,382.478797435144,164.56968801113,859.77113881733,"Simulated mean for Raltegravir","Simulated median for Raltegravir","Simulated [5-95th] percentiles for Raltegravir","Organism|PeripheralVenousBlood|Raltegravir|Plasma (Peripheral Venous Blood)"
8.95,425.774653125686,377.14116864891,162.271402957492,853.523828569855,"Simulated mean for Raltegravir","Simulated median for Raltegravir","Simulated [5-95th] percentiles for Raltegravir","Organism|PeripheralVenousBlood|Raltegravir|Plasma (Peripheral Venous Blood)"
9,420.457814659396,372.620032052028,160.025745472339,845.641830683251,"Simulated mean for Raltegravir","Simulated median for Raltegravir","Simulated [5-95th] percentiles for Raltegravir","Organism|PeripheralVenousBlood|Raltegravir|Plasma (Peripheral Venous Blood)"
9.05,415.230516845407,367.825817512017,157.83117189313,833.948018077514,"Simulated mean for Raltegravir","Simulated median for Raltegravir","Simulated [5-95th] percentiles for Raltegravir","Organism|PeripheralVenousBlood|Raltegravir|Plasma (Peripheral Venous Blood)"
9.1,410.091099905439,362.382006464165,155.686185575787,822.217552260999,"Simulated mean for Raltegravir","Simulated median for Raltegravir","Simulated [5-95th] percentiles for Raltegravir","Organism|PeripheralVenousBlood|Raltegravir|Plasma (Peripheral Venous Blood)"
9.15,405.037943636188,356.932394264936,153.594893020277,810.643375820005,"Simulated mean for Raltegravir","Simulated median for Raltegravir","Simulated [5-95th] percentiles for Raltegravir","Organism|PeripheralVenousBlood|Raltegravir|Plasma (Peripheral Venous Blood)"
9.2,400.06952752674,351.764283598506,151.850927847664,799.225332467807,"Simulated mean for Raltegravir","Simulated median for Raltegravir","Simulated [5-95th] percentiles for Raltegravir","Organism|PeripheralVenousBlood|Raltegravir|Plasma (Peripheral Venous Blood)"
9.25,395.184278273056,347.17199680711,150.137645203088,787.961226243448,"Simulated mean for Raltegravir","Simulated median for Raltegravir","Simulated [5-95th] percentiles for Raltegravir","Organism|PeripheralVenousBlood|Raltegravir|Plasma (Peripheral Venous Blood)"
9.3,390.38063092846,342.113048445815,148.454425899729,776.850871721999,"Simulated mean for Raltegravir","Simulated median for Raltegravir","Simulated [5-95th] percentiles for Raltegravir","Organism|PeripheralVenousBlood|Raltegravir|Plasma (Peripheral Venous Blood)"
9.35,385.657053353246,336.951414407292,146.800524264476,766.862229420157,"Simulated mean for Raltegravir","Simulated median for Raltegravir","Simulated [5-95th] percentiles for Raltegravir","Organism|PeripheralVenousBlood|Raltegravir|Plasma (Peripheral Venous Blood)"
9.4,381.012096716481,332.712772691047,145.175387995931,760.234196759916,"Simulated mean for Raltegravir","Simulated median for Raltegravir","Simulated [5-95th] percentiles for Raltegravir","Organism|PeripheralVenousBlood|Raltegravir|Plasma (Peripheral Venous Blood)"
9.45,376.444331193286,328.95581196402,143.578264798664,749.888190288615,"Simulated mean for Raltegravir","Simulated median for Raltegravir","Simulated [5-95th] percentiles for Raltegravir","Organism|PeripheralVenousBlood|Raltegravir|Plasma (Peripheral Venous Blood)"
9.5,371.952388506614,324.74740775598,142.008643429654,744.337354620177,"Simulated mean for Raltegravir","Simulated median for Raltegravir","Simulated [5-95th] percentiles for Raltegravir","Organism|PeripheralVenousBlood|Raltegravir|Plasma (Peripheral Venous Blood)"
9.55,367.534885002393,320.39720645515,140.465915297792,739.007497787432,"Simulated mean for Raltegravir","Simulated median for Raltegravir","Simulated [5-95th] percentiles for Raltegravir","Organism|PeripheralVenousBlood|Raltegravir|Plasma (Peripheral Venous Blood)"
9.6,363.190445741525,315.935525037563,138.962878034399,729.767347055307,"Simulated mean for Raltegravir","Simulated median for Raltegravir","Simulated [5-95th] percentiles for Raltegravir","Organism|PeripheralVenousBlood|Raltegravir|Plasma (Peripheral Venous Blood)"
9.65,358.917736777064,311.548808270189,137.511744520031,719.33210086312,"Simulated mean for Raltegravir","Simulated median for Raltegravir","Simulated [5-95th] percentiles for Raltegravir","Organism|PeripheralVenousBlood|Raltegravir|Plasma (Peripheral Venous Blood)"
9.7,354.715426016313,308.567281355187,135.567037656124,709.176115211009,"Simulated mean for Raltegravir","Simulated median for Raltegravir","Simulated [5-95th] percentiles for Raltegravir","Organism|PeripheralVenousBlood|Raltegravir|Plasma (Peripheral Venous Blood)"
9.75,350.58222661026,304.805009528384,134.122321168793,704.839280398695,"Simulated mean for Raltegravir","Simulated median for Raltegravir","Simulated [5-95th] percentiles for Raltegravir","Organism|PeripheralVenousBlood|Raltegravir|Plasma (Peripheral Venous Blood)"
9.8,346.516917058934,301.195925182918,133.285464024289,698.808035226272,"Simulated mean for Raltegravir","Simulated median for Raltegravir","Simulated [5-95th] percentiles for Raltegravir","Organism|PeripheralVenousBlood|Raltegravir|Plasma (Peripheral Venous Blood)"
9.85,342.518237744298,297.507134606889,132.364998778912,688.675259477524,"Simulated mean for Raltegravir","Simulated median for Raltegravir","Simulated [5-95th] percentiles for Raltegravir","Organism|PeripheralVenousBlood|Raltegravir|Plasma (Peripheral Venous Blood)"
9.9,338.58483685239,293.609846941873,131.6193084501,680.753212454999,"Simulated mean for Raltegravir","Simulated median for Raltegravir","Simulated [5-95th] percentiles for Raltegravir","Organism|PeripheralVenousBlood|Raltegravir|Plasma (Peripheral Venous Blood)"
9.95,334.715458261757,290.12236161648,130.802734143995,674.042811391988,"Simulated mean for Raltegravir","Simulated median for Raltegravir","Simulated [5-95th] percentiles for Raltegravir","Organism|PeripheralVenousBlood|Raltegravir|Plasma (Peripheral Venous Blood)"
10,330.908935835013,287.014004049456,130.004171883129,666.830118034342,"Simulated mean for Raltegravir","Simulated median for Raltegravir","Simulated [5-95th] percentiles for Raltegravir","Organism|PeripheralVenousBlood|Raltegravir|Plasma (Peripheral Venous Blood)"
10.05,327.16415527429,283.311624474996,128.812233282499,658.476947454189,"Simulated mean for Raltegravir","Simulated median for Raltegravir","Simulated [5-95th] percentiles for Raltegravir","Organism|PeripheralVenousBlood|Raltegravir|Plasma (Peripheral Venous Blood)"
10.1,323.479998904331,279.894666846138,127.344339341169,650.248859233862,"Simulated mean for Raltegravir","Simulated median for Raltegravir","Simulated [5-95th] percentiles for Raltegravir","Organism|PeripheralVenousBlood|Raltegravir|Plasma (Peripheral Venous Blood)"
10.15,319.855367671844,276.698987381789,125.903894911776,643.205419103262,"Simulated mean for Raltegravir","Simulated median for Raltegravir","Simulated [5-95th] percentiles for Raltegravir","Organism|PeripheralVenousBlood|Raltegravir|Plasma (Peripheral Venous Blood)"
10.2,316.289188469782,273.744439794081,124.490251007066,636.317857764411,"Simulated mean for Raltegravir","Simulated median for Raltegravir","Simulated [5-95th] percentiles for Raltegravir","Organism|PeripheralVenousBlood|Raltegravir|Plasma (Peripheral Venous Blood)"
10.25,312.78036852281,270.438564942846,123.10268314535,629.504169717614,"Simulated mean for Raltegravir","Simulated median for Raltegravir","Simulated [5-95th] percentiles for Raltegravir","Organism|PeripheralVenousBlood|Raltegravir|Plasma (Peripheral Venous Blood)"
10.3,309.327811572252,267.114372757468,121.740554921778,622.762717925635,"Simulated mean for Raltegravir","Simulated median for Raltegravir","Simulated [5-95th] percentiles for Raltegravir","Organism|PeripheralVenousBlood|Raltegravir|Plasma (Peripheral Venous Blood)"
10.35,305.930428405582,263.859251358461,120.403281585589,616.093905025464,"Simulated mean for Raltegravir","Simulated median for Raltegravir","Simulated [5-95th] percentiles for Raltegravir","Organism|PeripheralVenousBlood|Raltegravir|Plasma (Peripheral Venous Blood)"
10.4,302.587095678841,260.793819662699,119.090206864979,609.496493967926,"Simulated mean for Raltegravir","Simulated median for Raltegravir","Simulated [5-95th] percentiles for Raltegravir","Organism|PeripheralVenousBlood|Raltegravir|Plasma (Peripheral Venous Blood)"
10.45,299.296730272035,258.292596294579,117.72530786317,602.970871496445,"Simulated mean for Raltegravir","Simulated median for Raltegravir","Simulated [5-95th] percentiles for Raltegravir","Organism|PeripheralVenousBlood|Raltegravir|Plasma (Peripheral Venous Blood)"
10.5,296.058203079787,255.506666191301,116.117610147046,596.983940233331,"Simulated mean for Raltegravir","Simulated median for Raltegravir","Simulated [5-95th] percentiles for Raltegravir","Organism|PeripheralVenousBlood|Raltegravir|Plasma (Peripheral Venous Blood)"
10.55,292.870485934106,252.218035858542,114.719613457489,591.118266278633,"Simulated mean for Raltegravir","Simulated median for Raltegravir","Simulated [5-95th] percentiles for Raltegravir","Organism|PeripheralVenousBlood|Raltegravir|Plasma (Peripheral Venous Blood)"
10.6,289.732745416156,249.894436328587,113.608791641352,585.327678824817,"Simulated mean for Raltegravir","Simulated median for Raltegravir","Simulated [5-95th] percentiles for Raltegravir","Organism|PeripheralVenousBlood|Raltegravir|Plasma (Peripheral Venous Blood)"
10.65,286.644119035119,247.564532351017,112.515652078973,579.610207069771,"Simulated mean for Raltegravir","Simulated median for Raltegravir","Simulated [5-95th] percentiles for Raltegravir","Organism|PeripheralVenousBlood|Raltegravir|Plasma (Peripheral Venous Blood)"
10.7,283.60369512284,244.535867769918,111.439905375015,573.965233813372,"Simulated mean for Raltegravir","Simulated median for Raltegravir","Simulated [5-95th] percentiles for Raltegravir","Organism|PeripheralVenousBlood|Raltegravir|Plasma (Peripheral Venous Blood)"
10.75,280.6105814278,241.615862197715,110.381170083908,568.380608424859,"Simulated mean for Raltegravir","Simulated median for Raltegravir","Simulated [5-95th] percentiles for Raltegravir","Organism|PeripheralVenousBlood|Raltegravir|Plasma (Peripheral Venous Blood)"
10.8,277.663929975305,239.226913624623,109.267598349838,562.865109450197,"Simulated mean for Raltegravir","Simulated median for Raltegravir","Simulated [5-95th] percentiles for Raltegravir","Organism|PeripheralVenousBlood|Raltegravir|Plasma (Peripheral Venous Blood)"
10.85,274.762865519953,236.304245880213,108.127395291334,557.420591138684,"Simulated mean for Raltegravir","Simulated median for Raltegravir","Simulated [5-95th] percentiles for Raltegravir","Organism|PeripheralVenousBlood|Raltegravir|Plasma (Peripheral Venous Blood)"
10.9,271.906501929249,234.293471451566,107.02108857224,552.046987267131,"Simulated mean for Raltegravir","Simulated median for Raltegravir","Simulated [5-95th] percentiles for Raltegravir","Organism|PeripheralVenousBlood|Raltegravir|Plasma (Peripheral Venous Blood)"
10.95,269.094059239715,231.893344404131,105.946750435517,546.742425043747,"Simulated mean for Raltegravir","Simulated median for Raltegravir","Simulated [5-95th] percentiles for Raltegravir","Organism|PeripheralVenousBlood|Raltegravir|Plasma (Peripheral Venous Blood)"
11,266.32470944957,229.203080320021,104.890239250219,541.707068031384,"Simulated mean for Raltegravir","Simulated median for Raltegravir","Simulated [5-95th] percentiles for Raltegravir","Organism|PeripheralVenousBlood|Raltegravir|Plasma (Peripheral Venous Blood)"
11.05,263.597677495853,226.034856989929,103.851210655764,540.013553008795,"Simulated mean for Raltegravir","Simulated median for Raltegravir","Simulated [5-95th] percentiles for Raltegravir","Organism|PeripheralVenousBlood|Raltegravir|Plasma (Peripheral Venous Blood)"
11.1,260.912276902361,223.843068095827,102.829183871797,534.826150202877,"Simulated mean for Raltegravir","Simulated median for Raltegravir","Simulated [5-95th] percentiles for Raltegravir","Organism|PeripheralVenousBlood|Raltegravir|Plasma (Peripheral Venous Blood)"
11.15,258.267829517149,221.160326966014,101.823820497822,529.673956942211,"Simulated mean for Raltegravir","Simulated median for Raltegravir","Simulated [5-95th] percentiles for Raltegravir","Organism|PeripheralVenousBlood|Raltegravir|Plasma (Peripheral Venous Blood)"
11.2,255.663603282592,219.672709110002,100.834770213166,525.504568788341,"Simulated mean for Raltegravir","Simulated median for Raltegravir","Simulated [5-95th] percentiles for Raltegravir","Organism|PeripheralVenousBlood|Raltegravir|Plasma (Peripheral Venous Blood)"
11.25,253.098775686813,218.918248182008,99.6999477887872,520.35191196535,"Simulated mean for Raltegravir","Simulated median for Raltegravir","Simulated [5-95th] percentiles for Raltegravir","Organism|PeripheralVenousBlood|Raltegravir|Plasma (Peripheral Venous Blood)"
11.3,250.572689941466,217.437497670719,98.5602258417528,515.24707623177,"Simulated mean for Raltegravir","Simulated median for Raltegravir","Simulated [5-95th] percentiles for Raltegravir","Organism|PeripheralVenousBlood|Raltegravir|Plasma (Peripheral Venous Blood)"
11.35,248.084694317658,215.402220662054,97.7051500356582,510.18937551536,"Simulated mean for Raltegravir","Simulated median for Raltegravir","Simulated [5-95th] percentiles for Raltegravir","Organism|PeripheralVenousBlood|Raltegravir|Plasma (Peripheral Venous Blood)"
11.4,245.634046797796,213.140857685342,97.0338405996466,505.050016308768,"Simulated mean for Raltegravir","Simulated median for Raltegravir","Simulated [5-95th] percentiles for Raltegravir","Organism|PeripheralVenousBlood|Raltegravir|Plasma (Peripheral Venous Blood)"
11.45,243.22001330445,210.705387321813,96.143239694803,499.903610954841,"Simulated mean for Raltegravir","Simulated median for Raltegravir","Simulated [5-95th] percentiles for Raltegravir","Organism|PeripheralVenousBlood|Raltegravir|Plasma (Peripheral Venous Blood)"
11.5,240.841927340956,208.264473412129,95.4267945197046,494.806287579848,"Simulated mean for Raltegravir","Simulated median for Raltegravir","Simulated [5-95th] percentiles for Raltegravir","Organism|PeripheralVenousBlood|Raltegravir|Plasma (Peripheral Venous Blood)"
11.55,238.499189481493,205.985269908237,94.7192053717025,489.758260746922,"Simulated mean for Raltegravir","Simulated median for Raltegravir","Simulated [5-95th] percentiles for Raltegravir","Organism|PeripheralVenousBlood|Raltegravir|Plasma (Peripheral Venous Blood)"
11.6,236.191174526175,203.637704206099,93.7791327644571,484.759159606201,"Simulated mean for Raltegravir","Simulated median for Raltegravir","Simulated [5-95th] percentiles for Raltegravir","Organism|PeripheralVenousBlood|Raltegravir|Plasma (Peripheral Venous Blood)"
11.65,233.917207753419,201.689358377942,92.8227659415004,479.808486159305,"Simulated mean for Raltegravir","Simulated median for Raltegravir","Simulated [5-95th] percentiles for Raltegravir","Organism|PeripheralVenousBlood|Raltegravir|Plasma (Peripheral Venous Blood)"
11.7,231.676678770843,200.589695831424,91.7107544257694,475.133740901601,"Simulated mean for Raltegravir","Simulated median for Raltegravir","Simulated [5-95th] percentiles for Raltegravir","Organism|PeripheralVenousBlood|Raltegravir|Plasma (Peripheral Venous Blood)"
11.75,229.468980695896,199.473325174262,90.8541617775255,470.765227564484,"Simulated mean for Raltegravir","Simulated median for Raltegravir","Simulated [5-95th] percentiles for Raltegravir","Organism|PeripheralVenousBlood|Raltegravir|Plasma (Peripheral Venous Blood)"
11.8,227.293503083221,197.431339756528,90.0107657553162,466.452164228177,"Simulated mean for Raltegravir","Simulated median for Raltegravir","Simulated [5-95th] percentiles for Raltegravir","Organism|PeripheralVenousBlood|Raltegravir|Plasma (Peripheral Venous Blood)"
11.85,225.149709717032,194.946937078473,89.180250805645,462.19231784674,"Simulated mean for Raltegravir","Simulated median for Raltegravir","Simulated [5-95th] percentiles for Raltegravir","Organism|PeripheralVenousBlood|Raltegravir|Plasma (Peripheral Venous Blood)"
11.9,223.037088950347,193.12836883426,88.3387825404744,457.986096355017,"Simulated mean for Raltegravir","Simulated median for Raltegravir","Simulated [5-95th] percentiles for Raltegravir","Organism|PeripheralVenousBlood|Raltegravir|Plasma (Peripheral Venous Blood)"
11.95,220.955104117062,191.164758560985,87.4778141950018,453.112196775864,"Simulated mean for Raltegravir","Simulated median for Raltegravir","Simulated [5-95th] percentiles for Raltegravir","Organism|PeripheralVenousBlood|Raltegravir|Plasma (Peripheral Venous Blood)"
12,218.903253430827,189.562462008175,86.6304616683517,448.022928789609,"Simulated mean for Raltegravir","Simulated median for Raltegravir","Simulated [5-95th] percentiles for Raltegravir","Organism|PeripheralVenousBlood|Raltegravir|Plasma (Peripheral Venous Blood)"
